{"Data":[{"ID":"127","Name":"Public – All Records Query (Full Text)","Instructions":"Search for documents by entering a search term and any other fields, then click Search.","RequiresKeyword":false,"RequiresDate":false,"RequiresDateOrKeyword":false,"DateSearchOption":"ToFromDate","DateDefaultFrom":null,"DateDefaultTo":null,"Type":"FullText"},{"ID":"128","Name":"Public – Communication Query (Full Text)","Instructions":"Search for communication documents by entering a search term and any other fields, then click Search.","RequiresKeyword":false,"RequiresDate":false,"RequiresDateOrKeyword":false,"DateSearchOption":"ToFromDate","DateDefaultFrom":null,"DateDefaultTo":null,"Type":"FullText"},{"ID":"129","Name":"Public – Communication Query (Keywords)","Instructions":"Search for communication documents by entering search criteria in any data field associated with the document type, then click Search.","RequiresKeyword":false,"RequiresDate":false,"RequiresDateOrKeyword":false,"DateSearchOption":"ToFromDate","DateDefaultFrom":null,"DateDefaultTo":null,"Type":"DocumentType"},{"ID":"113","Name":"Public – Contract Query (Full Text)","Instructions":"Search for contracts by entering a search term and any other fields, then click Search.","RequiresKeyword":false,"RequiresDate":false,"RequiresDateOrKeyword":false,"DateSearchOption":"ToFromDate","DateDefaultFrom":null,"DateDefaultTo":null,"Type":"FullText"},{"ID":"126","Name":"Public – Contract Query (Keywords)","Instructions":"Search for contracts by entering search criteria in any data field associated with the document type, then click Search.","RequiresKeyword":false,"RequiresDate":false,"RequiresDateOrKeyword":false,"DateSearchOption":"ToFromDate","DateDefaultFrom":null,"DateDefaultTo":null,"Type":"DocumentType"},{"ID":"130","Name":"Public – Election Information Query (Full Text)","Instructions":"Search for election documents by entering a search term and any other fields, then click Search.","RequiresKeyword":false,"RequiresDate":false,"RequiresDateOrKeyword":false,"DateSearchOption":"ToFromDate","DateDefaultFrom":null,"DateDefaultTo":null,"Type":"FullText"},{"ID":"114","Name":"Public – Election Information Query (Keywords)","Instructions":"Search for election documents by entering search criteria in any data field associated with the document type, then click Search.","RequiresKeyword":false,"RequiresDate":false,"RequiresDateOrKeyword":false,"DateSearchOption":"ToFromDate","DateDefaultFrom":null,"DateDefaultTo":null,"Type":"DocumentType"},{"ID":"115","Name":"Public – Minutes Query (Full Text)","Instructions":"Search for minutes by entering a search term and any other fields, then click Search.","RequiresKeyword":false,"RequiresDate":false,"RequiresDateOrKeyword":false,"DateSearchOption":"ToFromDate","DateDefaultFrom":null,"DateDefaultTo":null,"Type":"FullText"},{"ID":"131","Name":"Public – Minutes Query (Keywords)","Instructions":"Search for minutes by entering search criteria in any data field associated with the document type, then click Search.","RequiresKeyword":false,"RequiresDate":false,"RequiresDateOrKeyword":false,"DateSearchOption":"ToFromDate","DateDefaultFrom":null,"DateDefaultTo":null,"Type":"DocumentType"},{"ID":"116","Name":"Public – Ordinance Query (Full Text)","Instructions":"Search for ordinances by entering a search term and any other fields, then click Search.","RequiresKeyword":false,"RequiresDate":false,"RequiresDateOrKeyword":false,"DateSearchOption":"ToFromDate","DateDefaultFrom":null,"DateDefaultTo":null,"Type":"FullText"},{"ID":"132","Name":"Public – Ordinance Query (Keywords)","Instructions":"Search for ordinances by entering search criteria in any data field associated with the document type, then click Search.","RequiresKeyword":false,"RequiresDate":false,"RequiresDateOrKeyword":false,"DateSearchOption":"ToFromDate","DateDefaultFrom":null,"DateDefaultTo":null,"Type":"DocumentType"},{"ID":"117","Name":"Public – Resolution Query (Full Text)","Instructions":"Search for resolutions by entering a search term and any other fields, then click Search.","RequiresKeyword":false,"RequiresDate":false,"RequiresDateOrKeyword":false,"DateSearchOption":"ToFromDate","DateDefaultFrom":null,"DateDefaultTo":null,"Type":"FullText"},{"ID":"133","Name":"Public – Resolution Query (Keywords)","Instructions":"Search for resolutions by entering search criteria in any data field associated with the document type, then click Search.","RequiresKeyword":false,"RequiresDate":false,"RequiresDateOrKeyword":false,"DateSearchOption":"ToFromDate","DateDefaultFrom":null,"DateDefaultTo":null,"Type":"DocumentType"},{"ID":"118","Name":"Public – Staff Report Query (Full Text)","Instructions":"Search for staff reports by entering a search term and any other fields, then click Search.","RequiresKeyword":false,"RequiresDate":false,"RequiresDateOrKeyword":false,"DateSearchOption":"ToFromDate","DateDefaultFrom":null,"DateDefaultTo":null,"Type":"FullText"},{"ID":"134","Name":"Public – Staff Report Query (Keywords)","Instructions":"Search for staff reports by entering search criteria in any data field associated with the document type, then click Search.","RequiresKeyword":false,"RequiresDate":false,"RequiresDateOrKeyword":false,"DateSearchOption":"ToFromDate","DateDefaultFrom":null,"DateDefaultTo":null,"Type":"DocumentType"}]}