{"Data":[{"ID":"ARKiFPt6FzVLX4XJwDgTUAjOHJQ2VxaDT2fokV1BazKbzdZCnw3Vg80n3PnDgA06lkps6WCnÉgShaEp9MfzsUrw=","Name":"CLK - Election Results - Date: 4/7/1917 - Type: General","DisplayType":"Image","DisplayColumnValues":[{"Value":"4/7/1917","RawValue":"-1664236800000"},{"Value":"General","RawValue":null},{"Value":"1917","RawValue":"1917"},{"Value":"CLK - Election Results","RawValue":null}]},{"ID":"AbyRBSRgrxcZaq8BFRSynnYHXGfDKUJÉÉzgZuYad3J8WYeu1JXmCi1nSmpbrDlNTOBXBFnCpi5si1j7XÉkvnjBc=","Name":"CLK - Election Results - Date: 4/28/1917 - Type: General","DisplayType":"Image","DisplayColumnValues":[{"Value":"4/28/1917","RawValue":"-1662422400000"},{"Value":"General","RawValue":null},{"Value":"1917","RawValue":"1917"},{"Value":"CLK - Election Results","RawValue":null}]},{"ID":"ARAÉJTgÉysv7nJoDKDAcyvkvO6HRwTUd5g5ÉfhAhtÁD5Op5acBgK5iDrhm8h6en11Uk55MEa8GguD6Fez9Á07wU=","Name":"CLK - Election Results - Date: 4/5/1919 - Type: General","DisplayType":"Image","DisplayColumnValues":[{"Value":"4/5/1919","RawValue":"-1601337600000"},{"Value":"General","RawValue":null},{"Value":"1919","RawValue":"1919"},{"Value":"CLK - Election Results","RawValue":null}]},{"ID":"AWHX7hlEdzV2zTwBA05PkrOu3S5fDfdWClF6NeZÁTAw3ehVPaFÁ7m2eqA2FAwt2Sn7PQwq7IxJGoB1zSrtpf84Q=","Name":"CLK - Election Results - Date: 4/2/1921 - Type: General","DisplayType":"Image","DisplayColumnValues":[{"Value":"4/2/1921","RawValue":"-1538438400000"},{"Value":"General","RawValue":null},{"Value":"1921","RawValue":"1921"},{"Value":"CLK - Election Results","RawValue":null}]},{"ID":"AUxkYQ1mChLShT5wuGNxRQAHxwg6iLs3RT97rEFcrg6sYholJiZc7oxM8Hhm8Á95CTUbBÁL1cXLP59h0loPwEYo=","Name":"CLK - Election Results - Date: 5/1/1923 - Type: General","DisplayType":"Image","DisplayColumnValues":[{"Value":"5/1/1923","RawValue":"-1472860800000"},{"Value":"General","RawValue":null},{"Value":"1923","RawValue":"1923"},{"Value":"CLK - Election Results","RawValue":null}]},{"ID":"AT0XtaeOO2lgEAl03BlfURbwsX84HHtZFeJ6Evd3dn4yV34FDUdbL2rSy8lurosuqAU3EKNX9fÉytuEow6b37VU=","Name":"CLK - Election Results - Date: 5/2/1933 - Type: General","DisplayType":"Image","DisplayColumnValues":[{"Value":"5/2/1933","RawValue":"-1157155200000"},{"Value":"General","RawValue":null},{"Value":"1933","RawValue":"1933"},{"Value":"CLK - Election Results","RawValue":null}]},{"ID":"AVfzaenivfIcerNaUJÉG3yoy1EzVEj46GaUN1tTWZWoXGXTkEm8e2STsÁ5HOhm3SÉqpkbewpUkl7jÉTw47Wyi1E=","Name":"CLK - Election Results - Date: 5/7/1935 - Type: General","DisplayType":"Image","DisplayColumnValues":[{"Value":"5/7/1935","RawValue":"-1093651200000"},{"Value":"General","RawValue":null},{"Value":"1935","RawValue":"1935"},{"Value":"CLK - Election Results","RawValue":null}]},{"ID":"AbHzkgFÁCR0FMfwYMlQth3GfHPMSQ01pV3Qj7N66rFxyu4piFaOpA6MsSLf8wCGL4DOqbzZKjk5fu61SvDHzr8M=","Name":"CLK - Election Results - Date: 5/4/1937 - Type: General","DisplayType":"Image","DisplayColumnValues":[{"Value":"5/4/1937","RawValue":"-1030752000000"},{"Value":"General","RawValue":null},{"Value":"1937","RawValue":"1937"},{"Value":"CLK - Election Results","RawValue":null}]},{"ID":"AVzLT5YTyhhBkMn6UnRB0QrohkUURKSKG4uj7xXG1ChMzLDQeVajkNSbAYÁhJirDvK93bE3nRUxnte6EM6hmaz8=","Name":"CLK - Election Results - Date: 5/1/1945 - Type: General","DisplayType":"Image","DisplayColumnValues":[{"Value":"5/1/1945","RawValue":"-778550400000"},{"Value":"General","RawValue":null},{"Value":"1945","RawValue":"1945"},{"Value":"CLK - Election Results","RawValue":null}]},{"ID":"AT6uj9YC8qScpmyWLyyHlUUslIÉHn9vÁ6hgKdrpUdxwfBBoY19f6SdvhLNmELvPVwnRBtÉMLyQIGjwNwe6M4Qtw=","Name":"CLK - Voter Information Pamphlet for General 5/1/1945","DisplayType":"Image","DisplayColumnValues":[{"Value":"5/1/1945","RawValue":"-778550400000"},{"Value":"General","RawValue":null},{"Value":"1945","RawValue":"1945"},{"Value":"CLK - Voter Information Pamphlet","RawValue":null}]},{"ID":"Aa0zzJozEqÁzHS7ONK8G9bYlP3hT6yombdk9tZVqixlYKKHOGMajqDqOQ5ZjGÁidAy2OH9vgWAUCYyi1Nslnsgo=","Name":"CLK - Election Results - Date: 4/30/1946 - Type: Special","DisplayType":"Image","DisplayColumnValues":[{"Value":"4/30/1946","RawValue":"-747100800000"},{"Value":"Special","RawValue":null},{"Value":"1946","RawValue":"1946"},{"Value":"CLK - Election Results","RawValue":null}]},{"ID":"ATXA2ZAjoYfGJdo95E7wZJow8Pp0YDUd3VROeÉTnzAÉmZsZdtHKFHyDjKeIhIMuh0Iff9J13qfXztPrm2ZuErnM=","Name":"CLK - Voter Information Pamphlet for Special 4/30/1946","DisplayType":"Image","DisplayColumnValues":[{"Value":"4/30/1946","RawValue":"-747100800000"},{"Value":"Special","RawValue":null},{"Value":"1946","RawValue":"1946"},{"Value":"CLK - Voter Information Pamphlet","RawValue":null}]},{"ID":"AV6BqY1dJsJ5ilhS89IXQnTphUwLÁoyzOLQPvRicdKa8TgiO8Wmh9hTDrÁs90pn3hlMcQr1hÉlLGYytpHB3GRl8=","Name":"CLK - Election Results - Date: 5/6/1947 - Type: General","DisplayType":"Image","DisplayColumnValues":[{"Value":"5/6/1947","RawValue":"-715046400000"},{"Value":"General","RawValue":null},{"Value":"1947","RawValue":"1947"},{"Value":"CLK - Election Results","RawValue":null}]},{"ID":"AT0UwVJivbTqe64s0rYaMvzDj7eX6iLiVdy1YCHSÁxnsRffNeyXNexCXBbzCSSL89Nz95eoGrEozsgmZJDngme4=","Name":"CLK - Voter Information Pamphlet for General 5/6/1947","DisplayType":"Image","DisplayColumnValues":[{"Value":"5/6/1947","RawValue":"-715046400000"},{"Value":"General","RawValue":null},{"Value":"1947","RawValue":"1947"},{"Value":"CLK - Voter Information Pamphlet","RawValue":null}]},{"ID":"Ac1CCLIp3HwsqdUiBy2rbZtV7Jht4bfÉWU7dH9DmdwuBo0pFNKbdXxOp4rJzHure7nd86wFWmSauO2PNoiTTnpc=","Name":"CLK - Election Results - Date: 5/3/1949 - Type: General","DisplayType":"Image","DisplayColumnValues":[{"Value":"5/3/1949","RawValue":"-652147200000"},{"Value":"General","RawValue":null},{"Value":"1949","RawValue":"1949"},{"Value":"CLK - Election Results","RawValue":null}]},{"ID":"AXLOQwrmRjSt457DEXRM3sGao8FASNGK2ifFPmy66Xs0TUaÉzSFIÁKLzKkZrRa1ÁlEfpI7gZaPuxkX2eÉ1epYnI=","Name":"CLK - Voter Information Pamphlet for General 5/3/1949","DisplayType":"Image","DisplayColumnValues":[{"Value":"5/3/1949","RawValue":"-652147200000"},{"Value":"General","RawValue":null},{"Value":"1949","RawValue":"1949"},{"Value":"CLK - Voter Information Pamphlet","RawValue":null}]},{"ID":"AeVZaicit8Xp13h3lYbxsUQ2NNVgEP3jaICqgxr2c0TP1aZRjmTMLa6s6nw85ljMrlNzÉ2ehbdmJtKnJSOs1ZÉg=","Name":"CLK - Election Results - Date: 4/3/1951 - Type: General","DisplayType":"Image","DisplayColumnValues":[{"Value":"4/3/1951","RawValue":"-591667200000"},{"Value":"General","RawValue":null},{"Value":"1951","RawValue":"1951"},{"Value":"CLK - Election Results","RawValue":null}]},{"ID":"Ac0lFMBS8Z5u6hiUZZUh8pAvNxedtKWX3QTGABTI6ZMmgBw4cpsNkJcpQacwWFxAuPA1ÁBRXÁ2nkSh1dwenS14w=","Name":"CLK - Voter Information Pamphlet for General 4/3/1951","DisplayType":"Image","DisplayColumnValues":[{"Value":"4/3/1951","RawValue":"-591667200000"},{"Value":"General","RawValue":null},{"Value":"1951","RawValue":"1951"},{"Value":"CLK - Voter Information Pamphlet","RawValue":null}]},{"ID":"AWhnFO2OofB08NÁucJxz3HbgtkmcoYnmNCcrhNwIowtWht3ULQic3gWpRCotr04qV2fFdaLEkPijVSoSJM5q3Rk=","Name":"CLK - Election Results - Date: 4/7/1953 - Type: General","DisplayType":"Image","DisplayColumnValues":[{"Value":"4/7/1953","RawValue":"-528163200000"},{"Value":"General","RawValue":null},{"Value":"1953","RawValue":"1953"},{"Value":"CLK - Election Results","RawValue":null}]},{"ID":"AUtQDWky8AIumM745e2C1b3bJSPhiKZK7X703YAp2zZRsFhOytJm9uDbZfgrMvzaf7VUÉ8D3hoAE0XuÁFOZ8V2A=","Name":"CLK - Voter Information Pamphlet for General 4/7/1953","DisplayType":"Image","DisplayColumnValues":[{"Value":"4/7/1953","RawValue":"-528163200000"},{"Value":"General","RawValue":null},{"Value":"1953","RawValue":"1953"},{"Value":"CLK - Voter Information Pamphlet","RawValue":null}]},{"ID":"AbjVZvyxTÁNtapwSGTxKnyAWcy3bÁqNX3e19x2uIYU8eOBo6lw76kWJqU88qoGhUgwC2jBsgD9oÁ9g8sOM5gS38=","Name":"CLK - Election Results - Date: 4/5/1955 - Type: General","DisplayType":"Image","DisplayColumnValues":[{"Value":"4/5/1955","RawValue":"-465264000000"},{"Value":"General","RawValue":null},{"Value":"1955","RawValue":"1955"},{"Value":"CLK - Election Results","RawValue":null}]},{"ID":"AS0tBEBYh3ZBbtB0kFXReDlHFB5rYCde01sWqHQICNQomEdV4Lg7aBvGÉEMC08cXaraLsxwhTVE6ysI4QJWIÉbY=","Name":"CLK - Voter Information Pamphlet for General 4/5/1955","DisplayType":"Image","DisplayColumnValues":[{"Value":"4/5/1955","RawValue":"-465264000000"},{"Value":"General","RawValue":null},{"Value":"1955","RawValue":"1955"},{"Value":"CLK - Voter Information Pamphlet","RawValue":null}]},{"ID":"Aaf9Pdgjm08Étc1mhjxdpkwcPAang22je4vv98kÉr6ÁFotVIsPwTsC4C8NYfiWtQYzktnXEmdz1YbQREPl5XK9Q=","Name":"CLK - Election Results - Date: 4/2/1957 - Type: General","DisplayType":"Image","DisplayColumnValues":[{"Value":"4/2/1957","RawValue":"-402364800000"},{"Value":"General","RawValue":null},{"Value":"1957","RawValue":"1957"},{"Value":"CLK - Election Results","RawValue":null}]},{"ID":"AQyuq9NuYdTIByxGGDMU7pUK8Uq4ZOFa14Pod6XCCcLQcl2ZJbVdzCao9XYWUiP9lWrc3gL3JQxxkfj4A9eGiNQ=","Name":"CLK - Voter Information Pamphlet for General 4/2/1957","DisplayType":"Image","DisplayColumnValues":[{"Value":"4/2/1957","RawValue":"-402364800000"},{"Value":"General","RawValue":null},{"Value":"1957","RawValue":"1957"},{"Value":"CLK - Voter Information Pamphlet","RawValue":null}]},{"ID":"AURnsoHJrCfLBI83AyYZLkIq4W59WIÁQJjÉ4KYkQljADq7POuhFjqkIVb5FhqWQjqLBeUZRx1nN7tGkÉwInbGYk=","Name":"CLK - Election Results - Date: 11/4/1958 - Type: Special","DisplayType":"Image","DisplayColumnValues":[{"Value":"11/4/1958","RawValue":"-352166400000"},{"Value":"Special","RawValue":null},{"Value":"1958","RawValue":"1958"},{"Value":"CLK - Election Results","RawValue":null}]},{"ID":"AWcnewÁborÉR3C9YVMgx8VnnzSTyWPu7jUURLY7Qdyq7F0xBQqc62tiq5RMaz5DÁSPPGucFhPqczG3fGrkx5zjw=","Name":"CLK - Voter Information Pamphlet for Special 11/4/1958","DisplayType":"Image","DisplayColumnValues":[{"Value":"11/4/1958","RawValue":"-352166400000"},{"Value":"Special","RawValue":null},{"Value":"1958","RawValue":"1958"},{"Value":"CLK - Voter Information Pamphlet","RawValue":null}]},{"ID":"AeJ7OCÁqlvp7SIF8Bxo1ZXÁMggy7mrH9mcMnSiSFEZQI49YsL7QkcdOÁHwJHaBeUDaIoBaMWuJrCVCNO7XvzbyI=","Name":"CLK - Election Results - Date: 12/2/1958 - Type: Special","DisplayType":"Image","DisplayColumnValues":[{"Value":"12/2/1958","RawValue":"-349747200000"},{"Value":"Special","RawValue":null},{"Value":"1958","RawValue":"1958"},{"Value":"CLK - Election Results","RawValue":null}]},{"ID":"AbwffJJKovptXOEoh1HOÉVl79UVNVlsAÉ9qPZE9Pno4jXzwi67f8oUvlrMFj7P2RqyHh1vSytrM1IJL3se6bcI8=","Name":"CLK - Voter Information Pamphlet for Special 12/2/1958","DisplayType":"Image","DisplayColumnValues":[{"Value":"12/2/1958","RawValue":"-349747200000"},{"Value":"Special","RawValue":null},{"Value":"1958","RawValue":"1958"},{"Value":"CLK - Voter Information Pamphlet","RawValue":null}]},{"ID":"AVKqZQLxr6ubwmmBmlo8fbGMHVzebClvhd4xdvqKS8C9K5wHLdu4of2RysYqx85XBUÉezxAMYhT9pv4SVNOPNKQ=","Name":"CLK - Election Results - Date: 12/16/1958 - Type: Special","DisplayType":"Image","DisplayColumnValues":[{"Value":"12/16/1958","RawValue":"-348537600000"},{"Value":"Special","RawValue":null},{"Value":"1958","RawValue":"1958"},{"Value":"CLK - Election Results","RawValue":null}]},{"ID":"ASEZkMsKDVfZUd4OLtyu0DLGsbFTQUHCIÁpuKEJl6ptFYdJUXÁ4S6XncQQBJÉ0DN2naz88OoCRvz1XLfxJ3o7hs=","Name":"CLK - Voter Information Pamphlet for Special 12/16/1958","DisplayType":"Image","DisplayColumnValues":[{"Value":"12/16/1958","RawValue":"-348537600000"},{"Value":"Special","RawValue":null},{"Value":"1958","RawValue":"1958"},{"Value":"CLK - Voter Information Pamphlet","RawValue":null}]},{"ID":"AYn6V0UmAREtQVLXCcB1Nqmq1BUKmHEnrJP52TxA0QzyHmz0HfoNfdL9TxÉPWZ95NfE7f4JuaytGO404FCZUN6o=","Name":"CLK - Election Results - Date: 4/7/1959 - Type: General","DisplayType":"Image","DisplayColumnValues":[{"Value":"4/7/1959","RawValue":"-338860800000"},{"Value":"General","RawValue":null},{"Value":"1959","RawValue":"1959"},{"Value":"CLK - Election Results","RawValue":null}]},{"ID":"AU3wASytpyBTPkrlGBcXlMfakRgnkdun065A95jiWcT3TacP2NwVV6dsd1VMS3E97yuPm9YA17scnRsj3XFfJIA=","Name":"CLK - Voter Information Pamphlet for General 4/7/1959","DisplayType":"Image","DisplayColumnValues":[{"Value":"4/7/1959","RawValue":"-338860800000"},{"Value":"General","RawValue":null},{"Value":"1959","RawValue":"1959"},{"Value":"CLK - Voter Information Pamphlet","RawValue":null}]},{"ID":"AUBX0Á3i3BP5pN37Q8zAOUzbvEYxmbZwnXD49xh7WOVkkOqIkZG5ItE2xQ1TKgA9KT5y4lNgAPPa9wWdK81FuGM=","Name":"CLK - Election Results - Date: 6/7/1960 - Type: Special","DisplayType":"Image","DisplayColumnValues":[{"Value":"6/7/1960","RawValue":"-301968000000"},{"Value":"Special","RawValue":null},{"Value":"1960","RawValue":"1960"},{"Value":"CLK - Election Results","RawValue":null}]},{"ID":"AceDGdlLuvLdQEVmwCq3DHlp8Z2zStÁMFCFdUu1mzKDPrvBE17a2BRqJwbkKvfYgwHsHj2ghZcy4oxPwyLLpTyI=","Name":"CLK - Voter Information Pamphlet for Special 6/7/1960","DisplayType":"Image","DisplayColumnValues":[{"Value":"6/7/1960","RawValue":"-301968000000"},{"Value":"Special","RawValue":null},{"Value":"1960","RawValue":"1960"},{"Value":"CLK - Voter Information Pamphlet","RawValue":null}]},{"ID":"AaYe8U8XxVJUthAzÁaYxÉ2fiopOXALwYANuMbDVgod18Ws0RSM5Jtnq3Nde7BKwTnJ0r0P3uDwElxOcD99NoPÉ4=","Name":"CLK - Election Results - Date: 4/4/1961 - Type: General","DisplayType":"Image","DisplayColumnValues":[{"Value":"4/4/1961","RawValue":"-275961600000"},{"Value":"General","RawValue":null},{"Value":"1961","RawValue":"1961"},{"Value":"CLK - Election Results","RawValue":null}]},{"ID":"AcTomLFVemhYCfRzBNgv8ZeRlifn9756VQorWÁWWG04rrx6Pqp2jvesdUudRKZLÁv94XaSrLlFpÁ6qUqnCUPkCI=","Name":"CLK - Voter Information Pamphlet for General 4/4/1961","DisplayType":"Image","DisplayColumnValues":[{"Value":"4/4/1961","RawValue":"-275961600000"},{"Value":"General","RawValue":null},{"Value":"1961","RawValue":"1961"},{"Value":"CLK - Voter Information Pamphlet","RawValue":null}]},{"ID":"AeewcoplSB7tmrciJD6Jp2wzRnPvzoxCiQPyQq3YPzOÉB6sHxgli2DYwNÉkmLqXPpcnRlkkHSjfb1QU6ju3ixX0=","Name":"CLK - Election Results - Date: 6/5/1962 - Type: Special","DisplayType":"Image","DisplayColumnValues":[{"Value":"6/5/1962","RawValue":"-239068800000"},{"Value":"Special","RawValue":null},{"Value":"1962","RawValue":"1962"},{"Value":"CLK - Election Results","RawValue":null}]},{"ID":"ASHeLhngIOEvOKdyuAjAxiM6g8oBcZK8z4J9CiNPÁpAv9VivNT4vkOeNGXgCR7nmgAgtcZtsuGxbH71JxwqZ4Zk=","Name":"CLK - Voter Information Pamphlet for Special 6/5/1962","DisplayType":"Image","DisplayColumnValues":[{"Value":"6/5/1962","RawValue":"-239068800000"},{"Value":"Special","RawValue":null},{"Value":"1962","RawValue":"1962"},{"Value":"CLK - Voter Information Pamphlet","RawValue":null}]},{"ID":"AQupTQD6ÁZQpE5RXpiBMGbAKXxMeGIÉbUUwm1r2VwO0glEqxb6BG3wYJBgKnhwNyJOpGcnCI7Br1UAdGnBgxztM=","Name":"CLK - Election Results - Date: 4/2/1963 - Type: General","DisplayType":"Image","DisplayColumnValues":[{"Value":"4/2/1963","RawValue":"-213062400000"},{"Value":"General","RawValue":null},{"Value":"1963","RawValue":"1963"},{"Value":"CLK - Election Results","RawValue":null}]},{"ID":"AYzMjIPv6zm9Z1elxvseY96h1ÉffZW0pAxzO0vgQJs3FtGVÁGfIqlbx4KouwGsEECWl1bsnilYoHD2RaSpkX7qA=","Name":"CLK - Voter Information Pamphlet for General 4/2/1963","DisplayType":"Image","DisplayColumnValues":[{"Value":"4/2/1963","RawValue":"-213062400000"},{"Value":"General","RawValue":null},{"Value":"1963","RawValue":"1963"},{"Value":"CLK - Voter Information Pamphlet","RawValue":null}]},{"ID":"AbzFLqUKdÁR7ÉZKrjgjFNIrFPnI40hpdmrPalEHRKJMBGccCkvbzBAJcj8vVXGUUSLHHwsÁAhjTMTp7SfjWWiFs=","Name":"CLK - Election Results - Date: 10/6/1964 - Type: Special","DisplayType":"Image","DisplayColumnValues":[{"Value":"10/6/1964","RawValue":"-165283200000"},{"Value":"Special","RawValue":null},{"Value":"1964","RawValue":"1964"},{"Value":"CLK - Election Results","RawValue":null}]},{"ID":"ATkFcbojwjXeN4FmFrrZqr4NUbsj9kI24lQ6wKzuhxMl481ymGPvCXpWA06Km8i7HxQÉ9aAgSNÉe5EjxJeZVRPQ=","Name":"CLK - Voter Information Pamphlet for Special 10/6/1964","DisplayType":"Image","DisplayColumnValues":[{"Value":"10/6/1964","RawValue":"-165283200000"},{"Value":"Special","RawValue":null},{"Value":"1964","RawValue":"1964"},{"Value":"CLK - Voter Information Pamphlet","RawValue":null}]},{"ID":"AV5g41O32a4C16nIb8K3DUÉtoSzJVXGDYzrzWnqiDurLHstgw3hRvuc8JRTLÉU0PiWMÁMiPu0HH9xg7699slXÉo=","Name":"CLK - Election Results - Date: 4/6/1965 - Type: General","DisplayType":"Image","DisplayColumnValues":[{"Value":"4/6/1965","RawValue":"-149558400000"},{"Value":"General","RawValue":null},{"Value":"1965","RawValue":"1965"},{"Value":"CLK - Election Results","RawValue":null}]},{"ID":"AeN2jk94oJIUL0TySul9QMApSqYSÁxwsPth6UglAWxyPlrAms0DÉHdtÁi9GGÁsXSorgAbdhHKhcKCfoylfxpcH4=","Name":"CLK - Voter Information Pamphlet for General 4/6/1965","DisplayType":"Image","DisplayColumnValues":[{"Value":"4/6/1965","RawValue":"-149558400000"},{"Value":"General","RawValue":null},{"Value":"1965","RawValue":"1965"},{"Value":"CLK - Voter Information Pamphlet","RawValue":null}]},{"ID":"AZÉZuxiHF3Lf9s5rLIM7b21ZQI5JrAÉCIyuBg3Bl4KHUQ53jvB77ag86ujxelFPndaUX01pyeNvRGu5z9yuC5jg=","Name":"CLK - Election Results - Date: 6/7/1966 - Type: Special","DisplayType":"Image","DisplayColumnValues":[{"Value":"6/7/1966","RawValue":"-112665600000"},{"Value":"Special","RawValue":null},{"Value":"1966","RawValue":"1966"},{"Value":"CLK - Election Results","RawValue":null}]},{"ID":"AaBy7MotwJPwv1nP6ÉzÉ1r9BC3R91uogP637YCCaZbLJzT0lhzHw6RYGcISXXvybHV3xyJIPÁjqi3eFwPAÁ7amc=","Name":"CLK - Voter Information Pamphlet for Special 6/7/1966","DisplayType":"Image","DisplayColumnValues":[{"Value":"6/7/1966","RawValue":"-112665600000"},{"Value":"Special","RawValue":null},{"Value":"1966","RawValue":"1966"},{"Value":"CLK - Voter Information Pamphlet","RawValue":null}]},{"ID":"AR8YG9CFwL41OgmmÉ6A3ITOpN8RTUYPÁg3fÁQ8VBTxgYB63BITfam9SCCLozfiIeKavVÉÉV2JVYvzRTTfÁ8BYIs=","Name":"CLK - Election Results - Date: 4/4/1967 - Type: General","DisplayType":"Image","DisplayColumnValues":[{"Value":"4/4/1967","RawValue":"-86659200000"},{"Value":"General","RawValue":null},{"Value":"1967","RawValue":"1967"},{"Value":"CLK - Election Results","RawValue":null}]},{"ID":"AaiÉmbt1FfVyCnr5ÁZnjY6E1Lu6Zba6aujNSMqKA3zz8MyT6CvBDXKQIOzZiRwikqzZDQQWxJUToOYODZYejaTM=","Name":"CLK - Voter Information Pamphlet for General 4/4/1967","DisplayType":"Image","DisplayColumnValues":[{"Value":"4/4/1967","RawValue":"-86659200000"},{"Value":"General","RawValue":null},{"Value":"1967","RawValue":"1967"},{"Value":"CLK - Voter Information Pamphlet","RawValue":null}]},{"ID":"AY1ÉwcN3HYymYjUOOXÉT0xrVFTikwUaVILl8XGntKup7DQllTsXQfgBFsHKnpAOYE5VzCPQVJOe6sfPyTB1osPc=","Name":"CLK - Election Results - Date: 6/4/1968 - Type: Special","DisplayType":"Image","DisplayColumnValues":[{"Value":"6/4/1968","RawValue":"-49766400000"},{"Value":"Special","RawValue":null},{"Value":"1968","RawValue":"1968"},{"Value":"CLK - Election Results","RawValue":null}]},{"ID":"AaQHJoNMgs286C7zpJQTBzeYOqEcBbrQvXcDI3HeRIfV8xLrRAisZjljjV14mXÁsgrZcGPejSuaBgCUGLcHqwÉY=","Name":"CLK - Voter Information Pamphlet for Special 6/4/1968","DisplayType":"Image","DisplayColumnValues":[{"Value":"6/4/1968","RawValue":"-49766400000"},{"Value":"Special","RawValue":null},{"Value":"1968","RawValue":"1968"},{"Value":"CLK - Voter Information Pamphlet","RawValue":null}]},{"ID":"AZ56SeTDKzxrSUEEZ1lC3XwtWi9pA4VHWLiVQ2vfrMo64qpWÉÁ5GuiS2CUÁudunjtCSGHIPÁBZr52MdWjDYCMR8=","Name":"CLK - Election Results - Date: 4/1/1969 - Type: General","DisplayType":"Image","DisplayColumnValues":[{"Value":"4/1/1969","RawValue":"-23760000000"},{"Value":"General","RawValue":null},{"Value":"1969","RawValue":"1969"},{"Value":"CLK - Election Results","RawValue":null}]},{"ID":"ARQtU7ÁuW82FroQz1CxggAUaXb8GN14psVAA1RHcks6zkRwXmcPe3Rx5KFfSwcjb9vpXHbeHAx4ByS5I1NM7Vv0=","Name":"CLK - Voter Information Pamphlet for General 4/1/1969","DisplayType":"Image","DisplayColumnValues":[{"Value":"4/1/1969","RawValue":"-23760000000"},{"Value":"General","RawValue":null},{"Value":"1969","RawValue":"1969"},{"Value":"CLK - Voter Information Pamphlet","RawValue":null}]},{"ID":"AZce54pQrOUMugNJDmÁJiIChITF4zyMYElb5pFPÉWAf607VTM6g2iTy25nbrSlJ9IAUyCQOF1cGsgNGM7W2fLNk=","Name":"CLK - Election Results - Date: 6/2/1970 - Type: Special","DisplayType":"Image","DisplayColumnValues":[{"Value":"6/2/1970","RawValue":"13132800000"},{"Value":"Special","RawValue":null},{"Value":"1970","RawValue":"1970"},{"Value":"CLK - Election Results","RawValue":null}]},{"ID":"AdSvQHmmQ2C33HpyJBaM3CEQKY3BCf2h5tFydiBwhWDZXmyÉI0qPp6BcIPFnWHoBd27k9EAO1vVJMDvKyAxX8Go=","Name":"CLK - Voter Information Pamphlet for Special 6/2/1970","DisplayType":"Image","DisplayColumnValues":[{"Value":"6/2/1970","RawValue":"13132800000"},{"Value":"Special","RawValue":null},{"Value":"1970","RawValue":"1970"},{"Value":"CLK - Voter Information Pamphlet","RawValue":null}]},{"ID":"AWWqz4Hpsp2NFbzÁm3xÉl9jEe8j44YTqÉjjxADipVYxNDKfP21wfIUV0FhA1687Slqpe2Á3BamrtRÉuQjNÁTWWQ=","Name":"CLK - Election Results - Date: 4/6/1971 - Type: General","DisplayType":"Image","DisplayColumnValues":[{"Value":"4/6/1971","RawValue":"39744000000"},{"Value":"General","RawValue":null},{"Value":"1971","RawValue":"1971"},{"Value":"CLK - Election Results","RawValue":null}]},{"ID":"AfNDX0cMKMAWn3UjÁ5ÁLFHeWym9NaZKÉ9TK0l1lCfg4iM4Émiv34dEEltIx8SjL097EHkR6xmVNu8jazxZyp3LY=","Name":"CLK - Voter Information Pamphlet for General 4/6/1971","DisplayType":"Image","DisplayColumnValues":[{"Value":"4/6/1971","RawValue":"39744000000"},{"Value":"General","RawValue":null},{"Value":"1971","RawValue":"1971"},{"Value":"CLK - Voter Information Pamphlet","RawValue":null}]},{"ID":"AUL8IpN2W2BnJxAJ5od2uyu2nSe2MxN7IVF1VJLL0wJjh8L34hAKsEkHndcp9Pqb5F2viROtB7vlg1rsu4JySXY=","Name":"CLK - Election Results - Date: 6/6/1972 - Type: Special","DisplayType":"Image","DisplayColumnValues":[{"Value":"6/6/1972","RawValue":"76636800000"},{"Value":"Special","RawValue":null},{"Value":"1972","RawValue":"1972"},{"Value":"CLK - Election Results","RawValue":null}]},{"ID":"AU8SBuAlEÉ7uhÉcFOzrÁDEtzHLXB16wNhbrWnLXkzhtEJIzepDzmpCbrGAPd21OcPP5TqÉjfOizBHHSihHaTFeA=","Name":"CLK - Voter Information Pamphlet for Special 6/6/1972","DisplayType":"Image","DisplayColumnValues":[{"Value":"6/6/1972","RawValue":"76636800000"},{"Value":"Special","RawValue":null},{"Value":"1972","RawValue":"1972"},{"Value":"CLK - Voter Information Pamphlet","RawValue":null}]},{"ID":"AQlÁViOSe5RDxJvD0JtFmxNC65Ls7C5elIjG0AmByz7RÁ1zÉg8qVhim9xnQb4ZGqcx6VKyUnWCaVXGqJgyOOprg=","Name":"CLK - Election Results - Date: 11/7/1972 - Type: Special","DisplayType":"Image","DisplayColumnValues":[{"Value":"11/7/1972","RawValue":"89942400000"},{"Value":"Special","RawValue":null},{"Value":"1972","RawValue":"1972"},{"Value":"CLK - Election Results","RawValue":null}]},{"ID":"AfiAIQtU4a2sXjpjr2rCYVmsUsvDmqXu7KQJzsjpSvK1IxSÉyQkCGIUNT10YAzys9Á1w3FMIÁsKMPlwIcSsyjNM=","Name":"CLK - Voter Information Pamphlet for Special 11/7/1972","DisplayType":"Image","DisplayColumnValues":[{"Value":"11/7/1972","RawValue":"89942400000"},{"Value":"Special","RawValue":null},{"Value":"1972","RawValue":"1972"},{"Value":"CLK - Voter Information Pamphlet","RawValue":null}]},{"ID":"AcÁhgIdnÉKKlsoIRVoJ5BFKnl9zB24xiMp5aNwdELÁ4R9hJByWzN4IÁTYkNzXtyjJkcvYLWT0tYyQdZ7ehÁQT8o=","Name":"CLK - Election Results - Date: 1/23/1973 - Type: Special","DisplayType":"Image","DisplayColumnValues":[{"Value":"1/23/1973","RawValue":"96595200000"},{"Value":"Special","RawValue":null},{"Value":"1973","RawValue":"1973"},{"Value":"CLK - Election Results","RawValue":null}]},{"ID":"AVQKSoLeA4qYPH5gBR9g4SDnib63JHPa1UJ1JÉZNHyJkEtfyUfQ3És0FJnIeFiQw20ÁXApDBNjzr4ÉzBXjCGÁÁw=","Name":"CLK - Voter Information Pamphlet for Special 1/23/1973","DisplayType":"Image","DisplayColumnValues":[{"Value":"1/23/1973","RawValue":"96595200000"},{"Value":"Special","RawValue":null},{"Value":"1973","RawValue":"1973"},{"Value":"CLK - Voter Information Pamphlet","RawValue":null}]},{"ID":"AZwG8TQuwl6b9R3fcKSPMÉNZ6SdE0Ff1ÉDhdF5xvFy3K8rpHPC5hY1R9Á6eETnSQmCq2FH7xt0lis93alwwOkVs=","Name":"CLK - Election Results - Date: 4/17/1973 - Type: General","DisplayType":"Image","DisplayColumnValues":[{"Value":"4/17/1973","RawValue":"103852800000"},{"Value":"General","RawValue":null},{"Value":"1973","RawValue":"1973"},{"Value":"CLK - Election Results","RawValue":null}]},{"ID":"Ab3IHXDAz2c30SGsHy8BKp7NUoa1bVLCILaNRj7GI7rvAGhKEo2SeF6P7OnvsqkOk8Wm0GIhvIF5lpx8zIiLcs8=","Name":"CLK - Voter Information Pamphlet for General 4/17/1973","DisplayType":"Image","DisplayColumnValues":[{"Value":"4/17/1973","RawValue":"103852800000"},{"Value":"General","RawValue":null},{"Value":"1973","RawValue":"1973"},{"Value":"CLK - Voter Information Pamphlet","RawValue":null}]},{"ID":"AXAdPEZoWIPSaicuXO4Pm3qQupVGdCtGWjKhAZhQ8VbÁupFVJeYyky2cuetltCzKMOupC4pGdnucMzW0PQ1TjÉg=","Name":"CLK - Election Results - Date: 8/21/1973 - Type: Special","DisplayType":"Image","DisplayColumnValues":[{"Value":"8/21/1973","RawValue":"114739200000"},{"Value":"Special","RawValue":null},{"Value":"1973","RawValue":"1973"},{"Value":"CLK - Election Results","RawValue":null}]},{"ID":"AVK1je9cKWAklnbumt1ouVyQYrmhQx8tEjzppSSnuLCNzMkl4T9UhUimoNKMEDt8RAF3cvuQÉAD8wdpEÉYvshTc=","Name":"CLK - Voter Information Pamphlet for Special 8/21/1973","DisplayType":"Image","DisplayColumnValues":[{"Value":"8/21/1973","RawValue":"114739200000"},{"Value":"Special","RawValue":null},{"Value":"1973","RawValue":"1973"},{"Value":"CLK - Voter Information Pamphlet","RawValue":null}]},{"ID":"ARC0aÁdY67MJG1egyOyaVA9BjDRRYR2gWWyBfqzjJCx53wETLlRKD6Ef1Ih0JpTTNOGmRPLDOwvIÁQRTQo5jf2Y=","Name":"CLK - Election Results - Date: 6/4/1974 - Type: Special","DisplayType":"Image","DisplayColumnValues":[{"Value":"6/4/1974","RawValue":"139536000000"},{"Value":"Special","RawValue":null},{"Value":"1974","RawValue":"1974"},{"Value":"CLK - Election Results","RawValue":null}]},{"ID":"ATj3lNMXrCFN8fsÁg9trM3NXC1dhTKnhjÉuwJKzmxCyfzPcFJ4SlGAppz8ilXLÉagk91qyvDlhFV0XCFkxFXZm8=","Name":"CLK - Voter Information Pamphlet for Special 6/4/1974","DisplayType":"Image","DisplayColumnValues":[{"Value":"6/4/1974","RawValue":"139536000000"},{"Value":"Special","RawValue":null},{"Value":"1974","RawValue":"1974"},{"Value":"CLK - Voter Information Pamphlet","RawValue":null}]},{"ID":"ASIHJPt6Dq0rXcKxnEWmpEvknnzwfFÉ8dzvFUygmJHRÉ9ry6PiSIoÉJV5W9vWRr0kTb34rRBjglzuxÉiF26b78s=","Name":"CLK - Election Results - Date: 11/5/1974 - Type: Special","DisplayType":"Image","DisplayColumnValues":[{"Value":"11/5/1974","RawValue":"152841600000"},{"Value":"Special","RawValue":null},{"Value":"1974","RawValue":"1974"},{"Value":"CLK - Election Results","RawValue":null}]},{"ID":"AclVYk8tgj7uusLsalFXJ7GGZDV5bmGHlYoaYfEhJCYEBSHC450auUdDF7fxoUFJlcLfsZfT0GjrfSzDF3Rbmt8=","Name":"CLK - Voter Information Pamphlet for Special 11/5/1974","DisplayType":"Image","DisplayColumnValues":[{"Value":"11/5/1974","RawValue":"152841600000"},{"Value":"Special","RawValue":null},{"Value":"1974","RawValue":"1974"},{"Value":"CLK - Voter Information Pamphlet","RawValue":null}]},{"ID":"AfcV7sXvpjsÉlU2yKOÁÁWHuxz0s0CZ9lfRzliGrbNv6uUV227i53ÉqbmPv1O1xL3CkxitOSNmm4D9QUIpVjn7NU=","Name":"CLK - Election Results - Date: 4/15/1975 - Type: General","DisplayType":"Image","DisplayColumnValues":[{"Value":"4/15/1975","RawValue":"166752000000"},{"Value":"General","RawValue":null},{"Value":"1975","RawValue":"1975"},{"Value":"CLK - Election Results","RawValue":null}]},{"ID":"AVdjGtZ3oeJG7zb5FscHZBvyn5Czr9yUcYgh0udkdpt9TtGrl8BUtQh9glkdERSg3jU4ckeÉo8nMXmFzyqSvMQk=","Name":"CLK - Voter Information Pamphlet for General 4/15/1975","DisplayType":"Image","DisplayColumnValues":[{"Value":"4/15/1975","RawValue":"166752000000"},{"Value":"General","RawValue":null},{"Value":"1975","RawValue":"1975"},{"Value":"CLK - Voter Information Pamphlet","RawValue":null}]},{"ID":"AS4unsOnNXZ3qÁOkNMe4fxwqwixqo8AgdGgAjxlg395wu48DOlWMc6SFTLNLVbVgdD5J1DMFJ2É2iIxCw3o780M=","Name":"CLK - Election Results - Date: 6/8/1976 - Type: General","DisplayType":"Image","DisplayColumnValues":[{"Value":"6/8/1976","RawValue":"203040000000"},{"Value":"General","RawValue":null},{"Value":"1976","RawValue":"1976"},{"Value":"CLK - Election Results","RawValue":null}]},{"ID":"AVAMB89SMNRiNÁsZdGbZVqrJqlFlgmvzQQsZqYcE7Ae2dIWL0dFSizttFXWOAKm2ShXe3uOEK1oRAEiiOxIvÁWM=","Name":"CLK - Voter Information Pamphlet for Special 6/8/1976","DisplayType":"Image","DisplayColumnValues":[{"Value":"6/8/1976","RawValue":"203040000000"},{"Value":"Special","RawValue":null},{"Value":"1976","RawValue":"1976"},{"Value":"CLK - Voter Information Pamphlet","RawValue":null}]},{"ID":"AQSYPGdVfbpYÉ1stFCXGXSyWHad5IjVpamJG82ucvJ9ixcHÁPLÁeZY8GK1qGBwX3gNhvJo3mo96UCnMKpOwÁjFE=","Name":"CLK - Election Results - Date: 11/2/1976 - Type: General","DisplayType":"Image","DisplayColumnValues":[{"Value":"11/2/1976","RawValue":"215740800000"},{"Value":"General","RawValue":null},{"Value":"1976","RawValue":"1976"},{"Value":"CLK - Election Results","RawValue":null}]},{"ID":"AfZqÉ3ÉBXrrKTÉDVybl63KV6ÉHgY0QYQHqZXXGLC1tHTU1Nuf08IHLGQor2MaOÁfJ7uÁfÉ9g0tfORpÉjre0Gu5Q=","Name":"CLK - Voter Information Pamphlet for Special 11/2/1976","DisplayType":"Image","DisplayColumnValues":[{"Value":"11/2/1976","RawValue":"215740800000"},{"Value":"Special","RawValue":null},{"Value":"1976","RawValue":"1976"},{"Value":"CLK - Voter Information Pamphlet","RawValue":null}]},{"ID":"Aag8gÁt1jLWÉ9HGBVgY3FxEpgi41crmqOE6iUsJoÁ8SMvY61OHUTR6DJe5irF3yo0QAVcrEnr9HIPZPÁ9nGqÉÉ0=","Name":"CLK - Election Results - Date: 4/19/1977 - Type: General","DisplayType":"Image","DisplayColumnValues":[{"Value":"4/19/1977","RawValue":"230256000000"},{"Value":"General","RawValue":null},{"Value":"1977","RawValue":"1977"},{"Value":"CLK - Election Results","RawValue":null}]},{"ID":"AWLTtZ9AMSxQ1hHEUagC1wrE73uhpHL73YE1EkSj7FCNpkNZj95eCnjbXcoA7OqVeapÁCBÁGQTSFXLCo0UJDzS4=","Name":"CLK - Voter Information Pamphlet for General 4/19/1977","DisplayType":"Image","DisplayColumnValues":[{"Value":"4/19/1977","RawValue":"230256000000"},{"Value":"General","RawValue":null},{"Value":"1977","RawValue":"1977"},{"Value":"CLK - Voter Information Pamphlet","RawValue":null}]},{"ID":"AVXuÁcBBMB9EdcICIeChz5kebzAÁYPyZiT3RHkGEBW20HZvYjDH05Ypples1DkHTCsQidcÁS6SiduG8c9QzK47I=","Name":"CLK - Election Results - Date: 11/7/1978 - Type: General","DisplayType":"Image","DisplayColumnValues":[{"Value":"11/7/1978","RawValue":"279244800000"},{"Value":"General","RawValue":null},{"Value":"1978","RawValue":"1978"},{"Value":"CLK - Election Results","RawValue":null}]},{"ID":"AfYXMNyjnL2b7OeJMrldgnMTfM5Rtc2WP09kD3EpuNghOzNaoBQTK3uVxMviz2yZUR4yFsuPÉsÉ0FddÉOHoÁC6s=","Name":"CLK - Voter Information Pamphlet for Special 11/7/1978","DisplayType":"Image","DisplayColumnValues":[{"Value":"11/7/1978","RawValue":"279244800000"},{"Value":"Special","RawValue":null},{"Value":"1978","RawValue":"1978"},{"Value":"CLK - Voter Information Pamphlet","RawValue":null}]},{"ID":"Ac42TL0mNpLPvP67HMy1lCVvwTdYr6WwjgyrxÁSw8P1Yu12HR2dut3avGAgBZZqrvz7ly1UNÁAhohD4XvAZE7Dc=","Name":"CLK - Election Results - Date: 4/17/1979 - Type: General","DisplayType":"Image","DisplayColumnValues":[{"Value":"4/17/1979","RawValue":"293155200000"},{"Value":"General","RawValue":null},{"Value":"1979","RawValue":"1979"},{"Value":"CLK - Election Results","RawValue":null}]},{"ID":"AWXgrnÁGvEBciqk16d9cQeÉA8o2oA2552DD4IfZfB0IdÁHgVbiIuhgAR0ÁJtzSClpÉ08op8Htoi9psdTaImkspw=","Name":"CLK - Voter Information Pamphlet for General 4/17/1979","DisplayType":"Image","DisplayColumnValues":[{"Value":"4/17/1979","RawValue":"293155200000"},{"Value":"General","RawValue":null},{"Value":"1979","RawValue":"1979"},{"Value":"CLK - Voter Information Pamphlet","RawValue":null}]},{"ID":"ATxPtP9VLÁkaCuHf3LyINlCwcVR45GJoECcUReezm2YQLgvuC3tu55QE8RudQ0j5O4xQBrUibQJK3U1IHtiTSMs=","Name":"CLK - Election Results - Date: 6/3/1980 - Type: Special","DisplayType":"Image","DisplayColumnValues":[{"Value":"6/3/1980","RawValue":"328838400000"},{"Value":"Special","RawValue":null},{"Value":"1980","RawValue":"1980"},{"Value":"CLK - Election Results","RawValue":null}]},{"ID":"AfWcSB1Tc58fH0HVCgYNÁfuXxoRÉbKVvCÉ72qLiDXLKcQwktBoh9Ár0MaVÁMYYwÁT11rqoDlaIcQtrx58Exm1BU=","Name":"CLK - Voter Information Pamphlet for Special 6/3/1980","DisplayType":"Image","DisplayColumnValues":[{"Value":"6/3/1980","RawValue":"328838400000"},{"Value":"Special","RawValue":null},{"Value":"1980","RawValue":"1980"},{"Value":"CLK - Voter Information Pamphlet","RawValue":null}]},{"ID":"AVVdKwrKBMFpM54nS0G0cIGHii4c1o5IUWkaLsiqPKW6EzxpuQKh6wV3n59TCzywIPis2Pt07oGnMD5uUHW7P4Q=","Name":"CLK - Election Results - Date: 4/21/1981 - Type: General","DisplayType":"Image","DisplayColumnValues":[{"Value":"4/21/1981","RawValue":"356659200000"},{"Value":"General","RawValue":null},{"Value":"1981","RawValue":"1981"},{"Value":"CLK - Election Results","RawValue":null}]},{"ID":"AXk07nAzDmV8Tz9t6PU4p01eqeqi9AlKAm6JQrjiCXDJTDI9t772TsvRdjJzTwAgx64h5YB4q8vZmO9lLÉlkSJQ=","Name":"CLK - Voter Information Pamphlet for General 4/21/1981","DisplayType":"Image","DisplayColumnValues":[{"Value":"4/21/1981","RawValue":"356659200000"},{"Value":"General","RawValue":null},{"Value":"1981","RawValue":"1981"},{"Value":"CLK - Voter Information Pamphlet","RawValue":null}]},{"ID":"AYz9HI5OSctk0874wNYrF0Sn8ÉT9QVA8t7eos3É58c1RfKZSM51Tp5Ym1Kk1AZMjU3fsÁdR8r7u9qgcW9P6kÁgU=","Name":"CLK - Election Results - Date: 3/2/1982 - Type: Special","DisplayType":"Image","DisplayColumnValues":[{"Value":"3/2/1982","RawValue":"383875200000"},{"Value":"Special","RawValue":null},{"Value":"1982","RawValue":"1982"},{"Value":"CLK - Election Results","RawValue":null}]},{"ID":"AbIEdV1CfÉgkvÉIZ18ÉEÉzeIcJÁtonX4T8F7gKÁOexDqEyTALvxGcGVbzYKmCSKAVNnoLY0ecAn3EGZÁ05mH6jU=","Name":"CLK - Voter Information Pamphlet for Special 3/2/1982","DisplayType":"Image","DisplayColumnValues":[{"Value":"3/2/1982","RawValue":"383875200000"},{"Value":"Special","RawValue":null},{"Value":"1982","RawValue":"1982"},{"Value":"CLK - Voter Information Pamphlet","RawValue":null}]},{"ID":"AbLnBtYa7G3MnWSFXJKlXVL9ZOrpdxf0zo9iuP27N2QVqX9qBcJeCFp70meIttoQ1p9waH7oomkbÉm7ÉMkcCPP4=","Name":"CLK - Election Results - Date: 6/8/1982 - Type: Special","DisplayType":"Image","DisplayColumnValues":[{"Value":"6/8/1982","RawValue":"392342400000"},{"Value":"Special","RawValue":null},{"Value":"1982","RawValue":"1982"},{"Value":"CLK - Election Results","RawValue":null}]},{"ID":"AUatzPsbzQ6j5mRX3tPfL4t8iawcxPw3R99MpBRrwUMvGTeOXLRH2muCCbPGolbPDrQm3GJ7e2JRp9l49MeyiUw=","Name":"CLK - Voter Information Pamphlet for Special 6/8/1982","DisplayType":"Image","DisplayColumnValues":[{"Value":"6/8/1982","RawValue":"392342400000"},{"Value":"Special","RawValue":null},{"Value":"1982","RawValue":"1982"},{"Value":"CLK - Voter Information Pamphlet","RawValue":null}]},{"ID":"AXytJgLOUCNJMbN1NtrJGGMTdFÉh1CmSPxdLIumOn8s5ge4I5WBzJMfhn0L3bv54SpSaXsr3rmKTN56OF3kZbiM=","Name":"CLK - Election Results - Date: 11/2/1982 - Type: General","DisplayType":"Image","DisplayColumnValues":[{"Value":"11/2/1982","RawValue":"405043200000"},{"Value":"General","RawValue":null},{"Value":"1982","RawValue":"1982"},{"Value":"CLK - Election Results","RawValue":null}]},{"ID":"AX5hx9FxyQm0pCTCNlyjNJYi6qu0XZNKAjgwa4aoT94FU5n7f0nÉEbAHKcv1nt1eJrFbIdLEVuacToHDXMbPgn8=","Name":"CLK - Voter Information Pamphlet for General 11/2/1982","DisplayType":"OleActivePage","DisplayColumnValues":[{"Value":"11/2/1982","RawValue":"405043200000"},{"Value":"General","RawValue":null},{"Value":"1982","RawValue":"1982"},{"Value":"CLK - Voter Information Pamphlet","RawValue":null}]},{"ID":"AT1kYoCTmH6VvH1hFT5oE1KÉGauK6NsijCoFP9ÉyDÁRulq0TC1QXLÉwdTjYXnQIgHoKF3dIoW2BqvZQn56BCJ6s=","Name":"CLK - Election Results - Date: 6/5/1984 - Type: Special","DisplayType":"Image","DisplayColumnValues":[{"Value":"6/5/1984","RawValue":"455241600000"},{"Value":"Special","RawValue":null},{"Value":"1984","RawValue":"1984"},{"Value":"CLK - Election Results","RawValue":null}]},{"ID":"ASCGaU3mtrfXZFÉ8p4jwcÁvfPUg52RT4ÉGlq5z05yAe7IÁwpRIG0wqSwuRyDsUMOCxV0h1EILYYatJvRNqXMKq0=","Name":"CLK - Voter Information Pamphlet for Special 6/5/1984","DisplayType":"OleActivePage","DisplayColumnValues":[{"Value":"6/5/1984","RawValue":"455241600000"},{"Value":"Special","RawValue":null},{"Value":"1984","RawValue":"1984"},{"Value":"CLK - Voter Information Pamphlet","RawValue":null}]},{"ID":"ASNÉgU7iRPmK6kYzuTSeVwzd6Uc2UE1T7XCP81MlWE1TpmpYERloTTXJ1wKEK024WBIfrqyRogyLF8zyqPqeqko=","Name":"CLK - Election Results - Date: 11/6/1984 - Type: General","DisplayType":"Image","DisplayColumnValues":[{"Value":"11/6/1984","RawValue":"468547200000"},{"Value":"General","RawValue":null},{"Value":"1984","RawValue":"1984"},{"Value":"CLK - Election Results","RawValue":null}]},{"ID":"AS8995z3tdlsgiMEsnBq2j2elCjqaW9lnNqJkbxTNy8ÁhwqubrEROr7cAf9uc2wVrfPD4m6JSFMhZoB8pBck74k=","Name":"CLK - Voter Information Pamphlet for General 11/6/1984","DisplayType":"Image","DisplayColumnValues":[{"Value":"11/6/1984","RawValue":"468547200000"},{"Value":"General","RawValue":null},{"Value":"1984","RawValue":"1984"},{"Value":"CLK - Voter Information Pamphlet","RawValue":null}]},{"ID":"ATJÁdC8noyQ7jEPYEjkHHx6wÁQ8UNxIÁsYExwuhVPBCmTzuwro6opAeVvPinyqlv2SOLLzZitKLZw73vqioPtrY=","Name":"CLK - Election Results - Date: 6/3/1986 - Type: Special","DisplayType":"Image","DisplayColumnValues":[{"Value":"6/3/1986","RawValue":"518140800000"},{"Value":"Special","RawValue":null},{"Value":"1986","RawValue":"1986"},{"Value":"CLK - Election Results","RawValue":null}]},{"ID":"AVHlMUmk1n7vIlFiqixox6MKDwxCY1MFaYAdLGAWU29gBDQleu1JymfcrTpwxWebQDwe8vTsÉFkemC0ÁGc7zitk=","Name":"CLK - Voter Information Pamphlet for Special 6/3/1986","DisplayType":"Image","DisplayColumnValues":[{"Value":"6/3/1986","RawValue":"518140800000"},{"Value":"Special","RawValue":null},{"Value":"1986","RawValue":"1986"},{"Value":"CLK - Voter Information Pamphlet","RawValue":null}]},{"ID":"ASCvHAsUGcHRibjT6lGiyoTt9XkxHgwgÉEgw4hEOCWfZy70AePSI4FR6eCIOdÁFdmSQYLwzelM466WJmV6qk970=","Name":"CLK - Election Results - Date: 11/4/1986 - Type: General","DisplayType":"Image","DisplayColumnValues":[{"Value":"11/4/1986","RawValue":"531446400000"},{"Value":"General","RawValue":null},{"Value":"1986","RawValue":"1986"},{"Value":"CLK - Election Results","RawValue":null}]},{"ID":"AR6G2vfgIÁUbb7ÉcJXHVCJzZrZEYd0S2j5xhXQHtWÁbXELqaWSpP5ZTOCE6bSxaTRZICV99JDPDNgqoTCIEKJvM=","Name":"CLK - Voter Information Pamphlet for General 11/4/1986","DisplayType":"Image","DisplayColumnValues":[{"Value":"11/4/1986","RawValue":"531446400000"},{"Value":"General","RawValue":null},{"Value":"1986","RawValue":"1986"},{"Value":"CLK - Voter Information Pamphlet","RawValue":null}]},{"ID":"AfFPWFZFmdCK6S4ZcPiNajvypoCdJw7Rz6hLHlBngiPFBZgx3WfÉ7bn9PraB2NGz38qTC9uSSNvnogHUBHqÁSNs=","Name":"CLK - Election Results - Date: 12/2/1986 - Type: Run-Off","DisplayType":"Image","DisplayColumnValues":[{"Value":"12/2/1986","RawValue":"533865600000"},{"Value":"Run-Off","RawValue":null},{"Value":"1986","RawValue":"1986"},{"Value":"CLK - Election Results","RawValue":null}]},{"ID":"ATFWkWÉJJmokBJcrEIsueNXvNsF6yhi8zuIcj3ZMwMÉa5Oz7jNtHvhelFsHWTASÁ3OF4pKK6PipF0ÉRwcfqo8yA=","Name":"CLK - Voter Information Pamphlet for Run-Off 12/2/1986","DisplayType":"Image","DisplayColumnValues":[{"Value":"12/2/1986","RawValue":"533865600000"},{"Value":"Run-Off","RawValue":null},{"Value":"1986","RawValue":"1986"},{"Value":"CLK - Voter Information Pamphlet","RawValue":null}]},{"ID":"AQ00qiFPjRgqkNdvÁd7CpHjzv0jjA4MmqgyEPQURZMb2wYz8baI6URGrKÉ54b5E3p4F45K9NT0gzI1YzZgo80zw=","Name":"CLK - Election Results - Date: 6/7/1988 - Type: Special","DisplayType":"Image","DisplayColumnValues":[{"Value":"6/7/1988","RawValue":"581644800000"},{"Value":"Special","RawValue":null},{"Value":"1988","RawValue":"1988"},{"Value":"CLK - Election Results","RawValue":null}]},{"ID":"AamzÉFcfFOnxJha0mhS1k5VpqÉDuvhÁj4eH680BnpQ6522O5XÁgNfgsaYWdyÁf7x0aBJC7dElP4LuCzSrGOoCÉE=","Name":"CLK - Voter Information Pamphlet for Special 6/7/1988","DisplayType":"Image","DisplayColumnValues":[{"Value":"6/7/1988","RawValue":"581644800000"},{"Value":"Special","RawValue":null},{"Value":"1988","RawValue":"1988"},{"Value":"CLK - Voter Information Pamphlet","RawValue":null}]},{"ID":"AYO4ZYa5AdMm8QQv44HhMÁc5Td6ApvprSWGezYNixQrBkDVXj7UR7ttWQX894JxqK9bHÁu1fL9ytHrTnxXZiQdA=","Name":"CLK - Election Results - Date: 11/8/1988 - Type: General","DisplayType":"OleActivePage","DisplayColumnValues":[{"Value":"11/8/1988","RawValue":"594950400000"},{"Value":"General","RawValue":null},{"Value":"1988","RawValue":"1988"},{"Value":"CLK - Election Results","RawValue":null}]},{"ID":"AaGdlALMM4eh4cdLuU8jsdFTgh2pCJa1Lr8qyXY9584mZiJhNwb1eTpY5ÁosXybI3DChnyTFMNHuhzoVwr17whg=","Name":"CLK - Voter Information Pamphlet for General 11/8/1988","DisplayType":"Image","DisplayColumnValues":[{"Value":"11/8/1988","RawValue":"594950400000"},{"Value":"General","RawValue":null},{"Value":"1988","RawValue":"1988"},{"Value":"CLK - Voter Information Pamphlet","RawValue":null}]},{"ID":"AZQMRb43mI1IUDsKNeT7NofcLuhDcxi44ANNJ69ÉeÉe956K5pSCQo4DiÁ133DaUQoiJdEAO68dyLe2bRkJIPÁFg=","Name":"CLK - Election Results - Date: 10/3/1989 - Type: Special","DisplayType":"Image","DisplayColumnValues":[{"Value":"10/3/1989","RawValue":"623376000000"},{"Value":"Special","RawValue":null},{"Value":"1989","RawValue":"1989"},{"Value":"CLK - Election Results","RawValue":null}]},{"ID":"Afyjifa0Y6gQz83ZMp9CHl9FCOw5tryhgBBYrBSBL2Ga26O7sbKxu3Zs0JaWjJÉB2RltCDXtkKvazXmpÁ17C6Ss=","Name":"CLK - Voter Information Pamphlet for Special 10/3/1989","DisplayType":"Image","DisplayColumnValues":[{"Value":"10/3/1989","RawValue":"623376000000"},{"Value":"Special","RawValue":null},{"Value":"1989","RawValue":"1989"},{"Value":"CLK - Voter Information Pamphlet","RawValue":null}]},{"ID":"AYImEThÉZUU5xMs3ptX2TAhcÉHgap2QHnq0kÉkqbtSIssAtzzRaNAu0K65AYHTcivBbjfUÁPzÉbg8f0VF4GÁ6Vw=","Name":"CLK - Election Results - Date: 11/6/1990 - Type: General","DisplayType":"Image","DisplayColumnValues":[{"Value":"11/6/1990","RawValue":"657849600000"},{"Value":"General","RawValue":null},{"Value":"1990","RawValue":"1990"},{"Value":"CLK - Election Results","RawValue":null}]},{"ID":"AT5BI5pooIojsvb3psElrkmm8GDdkF4cÁO0ngezGKLhJNÉYÁQ8My9y9DClGTJSdtnh0dup3DAIÉyrEÁpKclcLms=","Name":"CLK - Voter Information Pamphlet for General 11/6/1990","DisplayType":"Image","DisplayColumnValues":[{"Value":"11/6/1990","RawValue":"657849600000"},{"Value":"General","RawValue":null},{"Value":"1990","RawValue":"1990"},{"Value":"CLK - Voter Information Pamphlet","RawValue":null}]},{"ID":"AfnbLTÉQnrvjFiNhEMwdKVGU28SgWhayTTlzAjXRcLBÉicuHm1RQSQRÁyJnA7t1WC1YAPEMfr8nClJnLJQÉeÁzg=","Name":"CLK - Election Results - Date: 12/4/1990 - Type: Run-Off","DisplayType":"Image","DisplayColumnValues":[{"Value":"12/4/1990","RawValue":"660268800000"},{"Value":"Run-Off","RawValue":null},{"Value":"1990","RawValue":"1990"},{"Value":"CLK - Election Results","RawValue":null}]},{"ID":"AWMvkÉMrpj8ktBUQe8DWIrdETZc7SWG6qTuSyenjub4g9Pgod2NpTzkt5N0c8qSYsw6EHArid4Á52rfNB0krÉkY=","Name":"CLK - Voter Information Pamphlet for Run-Off 12/4/1990","DisplayType":"Image","DisplayColumnValues":[{"Value":"12/4/1990","RawValue":"660268800000"},{"Value":"Run-Off","RawValue":null},{"Value":"1990","RawValue":"1990"},{"Value":"CLK - Voter Information Pamphlet","RawValue":null}]},{"ID":"AZVkr3ywÉrE1d3Xu2EsÁkAQI056HVEhnO9fh41IRRsseQ23Huq66FhXSl01x3QN16WCWTCVBB8eÁ6wKXBcTFai8=","Name":"CLK - Election Results - Date: 6/2/1992 - Type: Special","DisplayType":"Image","DisplayColumnValues":[{"Value":"6/2/1992","RawValue":"707443200000"},{"Value":"Special","RawValue":null},{"Value":"1992","RawValue":"1992"},{"Value":"CLK - Election Results","RawValue":null}]},{"ID":"AfotwEÉMQhSfD7f4jZWYKrXlHxgkwWjdCWmzjFBw4bwkc2oZgzt9M3raEBokEq3d9dczs3MMÉQii4IOwGPrR7XM=","Name":"CLK - Voter Information Pamphlet for Special 6/2/1992","DisplayType":"Image","DisplayColumnValues":[{"Value":"6/2/1992","RawValue":"707443200000"},{"Value":"Special","RawValue":null},{"Value":"1992","RawValue":"1992"},{"Value":"CLK - Voter Information Pamphlet","RawValue":null}]},{"ID":"AfNoR2NodrkoQRbx0llozTXJ5JDHkXbBVzhoDszaJlluKpWDgIffOTTIWUqc6kRb6ByYE989etMdJ8vYHjujppU=","Name":"CLK - Election Results - Date: 11/3/1992 - Type: General","DisplayType":"Image","DisplayColumnValues":[{"Value":"11/3/1992","RawValue":"720748800000"},{"Value":"General","RawValue":null},{"Value":"1992","RawValue":"1992"},{"Value":"CLK - Election Results","RawValue":null}]},{"ID":"AZyy7W2je6ED0P1Á7DztNvAecc7RmUwx8m90ulvÁdZoOwycgAqdxr2zddfFcUbPÉi3jC3Z6BCifHASZKW3c9H9g=","Name":"CLK - Voter Information Pamphlet for General 11/3/1992","DisplayType":"Image","DisplayColumnValues":[{"Value":"11/3/1992","RawValue":"720748800000"},{"Value":"General","RawValue":null},{"Value":"1992","RawValue":"1992"},{"Value":"CLK - Voter Information Pamphlet","RawValue":null}]},{"ID":"ASCvbsSczEPrtfbÁQ5XAKm1wXILgUNopHBouFWvHTiDb68EBAbUIPvcKmINGzxu9n6eBp9cKtLGzmÁy0XPrHg0Y=","Name":"CLK - Election Results - Date: 12/1/1992 - Type: Run-Off","DisplayType":"Image","DisplayColumnValues":[{"Value":"12/1/1992","RawValue":"723168000000"},{"Value":"Run-Off","RawValue":null},{"Value":"1992","RawValue":"1992"},{"Value":"CLK - Election Results","RawValue":null}]},{"ID":"Aej7mA8GLFxlwVO4hlICKJujncZj0oe8j3qjLRbZCbeb8Uu3LQnBjG1Km5FmiUfkozDqzCPjoEHN6fTu87D2yFk=","Name":"CLK - Voter Information Pamphlet for Run-Off 12/1/1992","DisplayType":"Image","DisplayColumnValues":[{"Value":"12/1/1992","RawValue":"723168000000"},{"Value":"Run-Off","RawValue":null},{"Value":"1992","RawValue":"1992"},{"Value":"CLK - Voter Information Pamphlet","RawValue":null}]},{"ID":"ATduvpCÁOQckqMOMG6ÉzpÉKnqiJIPbGvJQJkrdi5PMgXVvt0hBqxseGsaT0lÁÉ3jmnGGTBVjÉM2Rt1NkJdSAlcU=","Name":"CLK - Election Results - Date: 11/8/1994 - Type: General","DisplayType":"Image","DisplayColumnValues":[{"Value":"11/8/1994","RawValue":"784252800000"},{"Value":"General","RawValue":null},{"Value":"1994","RawValue":"1994"},{"Value":"CLK - Election Results","RawValue":null}]},{"ID":"ARShkeiD4CjOrXH3NGGBlmTBHh94eÉOHvRaJqwwhg4inMVNuYÉxlJRf5YÉLG5U3sTCqCqSmADYn19Fm6hwrEh0I=","Name":"CLK - Voter Information Pamphlet for General 11/8/1994","DisplayType":"Image","DisplayColumnValues":[{"Value":"11/8/1994","RawValue":"784252800000"},{"Value":"General","RawValue":null},{"Value":"1994","RawValue":"1994"},{"Value":"CLK - Voter Information Pamphlet","RawValue":null}]},{"ID":"AfSRh43Á2K9o46Écg7JVTXXDwjaÁv5ÁdP9h9UJTBylfPwqSgvCSZQCÁcÁhmvIy4HNmm1ykgTUGHPl2zwG3IBB4s=","Name":"CLK - Election Results - Date: 12/6/1994 - Type: Run-Off","DisplayType":"Image","DisplayColumnValues":[{"Value":"12/6/1994","RawValue":"786672000000"},{"Value":"Run-Off","RawValue":null},{"Value":"1994","RawValue":"1994"},{"Value":"CLK - Election Results","RawValue":null}]},{"ID":"AVdRANy0av4T8djÁfPBÉhR2vva68tKYwir037NabzHtu83Mojonw3cM8JLJo5xQkQArAjluhQx4dQA0NRUCW2iU=","Name":"CLK - Voter Information Pamphlet for Run-Off 12/6/1994","DisplayType":"Image","DisplayColumnValues":[{"Value":"12/6/1994","RawValue":"786672000000"},{"Value":"Run-Off","RawValue":null},{"Value":"1994","RawValue":"1994"},{"Value":"CLK - Voter Information Pamphlet","RawValue":null}]},{"ID":"AaDrW2a9QLepxbk3ixqfcs1NajoDÉxaU9Éum3E15qnr6A5W1ZtcW2OkPeEZZpoykt8hJGjwVNT42CJC9T4oNp4A=","Name":"CLK - Election Results - Date: 11/5/1996 - Type: General","DisplayType":"Image","DisplayColumnValues":[{"Value":"11/5/1996","RawValue":"847152000000"},{"Value":"General","RawValue":null},{"Value":"1996","RawValue":"1996"},{"Value":"CLK - Election Results","RawValue":null}]},{"ID":"AWNPf1jaXlME5YXRUyUpcKBqAU9cDNYÉQZoa9oQxwS4k5HIPÉfotFeqLudJ4f5RLCsVl9b33FÉndAU61A5q1yrY=","Name":"CLK - Voter Information Pamphlet for General 11/5/1996","DisplayType":"Image","DisplayColumnValues":[{"Value":"11/5/1996","RawValue":"847152000000"},{"Value":"General","RawValue":null},{"Value":"1996","RawValue":"1996"},{"Value":"CLK - Voter Information Pamphlet","RawValue":null}]},{"ID":"AW7uclpYpIozrnfZQrxPUC13ZzAF5GgÁz8dwRtmV9eKM8GqVbFudmcDpRd64Cfx4P40QkjBAaNr4YK8kh1UioTc=","Name":"CLK - Election Results - Date: 12/3/1996 - Type: Run-Off","DisplayType":"Image","DisplayColumnValues":[{"Value":"12/3/1996","RawValue":"849571200000"},{"Value":"Run-Off","RawValue":null},{"Value":"1996","RawValue":"1996"},{"Value":"CLK - Election Results","RawValue":null}]},{"ID":"AaY9HTtrZTQGwgZa44YyT7ePKÉDe3PmYO8Éfzfptm2xgtuwHxDuX6ftÁOQb5I6N2r25oyxjk3L8wiQfbcDElh3s=","Name":"CLK - Voter Information Pamphlet for Run-Off 12/3/1996","DisplayType":"Image","DisplayColumnValues":[{"Value":"12/3/1996","RawValue":"849571200000"},{"Value":"Run-Off","RawValue":null},{"Value":"1996","RawValue":"1996"},{"Value":"CLK - Voter Information Pamphlet","RawValue":null}]},{"ID":"AahYf4EekmDN3rIiBvÉquKzrIn3RHkyH2WgYrAJVgl7APpfuqJ0aqLDLCC4RiHNOgdABYqlFyyJylZL3sÉhBx5E=","Name":"CLK - Election Results - Date: 5/6/1997 - Type: Special","DisplayType":"Image","DisplayColumnValues":[{"Value":"5/6/1997","RawValue":"862876800000"},{"Value":"Special","RawValue":null},{"Value":"1997","RawValue":"1997"},{"Value":"CLK - Election Results","RawValue":null}]},{"ID":"AbQhIcQ9MO0Yq2COO2VWxwOi9XÉ6f2aKg65zoq19Dw55lM7qeGNCTeIfyvY2MloQPY8Y7TrÉKtqSHsOwpyFIÁYI=","Name":"CLK - Voter Information Pamphlet for Special 5/6/1997","DisplayType":"Image","DisplayColumnValues":[{"Value":"5/6/1997","RawValue":"862876800000"},{"Value":"Special","RawValue":null},{"Value":"1997","RawValue":"1997"},{"Value":"CLK - Voter Information Pamphlet","RawValue":null}]},{"ID":"AayKBayGyI8ÁUahÁIXvcadkymSqIDG8bSA3OU8Wyx2eHPWTcsÉWY1ztp0YXÉISIZdb0dzoVTV6HFJnqhATBhwRg=","Name":"CLK - Election Results - Date: 11/3/1998 - Type: General","DisplayType":"Image","DisplayColumnValues":[{"Value":"11/3/1998","RawValue":"910051200000"},{"Value":"General","RawValue":null},{"Value":"1998","RawValue":"1998"},{"Value":"CLK - Election Results","RawValue":null}]},{"ID":"AUryGEPCF3upvyf7rsÁb1rHj5b3rhKR2EMyp3GcipRYWF7TyNfGw5Q25kmUlSMWgK0m2Él837TJsjAFeÁyhmL6s=","Name":"CLK - Voter Information Pamphlet for General 11/3/1998","DisplayType":"Image","DisplayColumnValues":[{"Value":"11/3/1998","RawValue":"910051200000"},{"Value":"General","RawValue":null},{"Value":"1998","RawValue":"1998"},{"Value":"CLK - Voter Information Pamphlet","RawValue":null}]},{"ID":"AbbhjTÁtvUP20x8hvXTz3nATyDMvdbGENÁÁÉw4LoXfÉlRÉtvhuALteL5DNwzOMbkdiMJszjaomn8Ef9EbY8nÉSM=","Name":"CLK - Election Results - Date: 11/7/2000 - Type: General","DisplayType":"Image","DisplayColumnValues":[{"Value":"11/7/2000","RawValue":"973555200000"},{"Value":"General","RawValue":null},{"Value":"2000","RawValue":"2000"},{"Value":"CLK - Election Results","RawValue":null}]},{"ID":"AaIcrpiutFh2EAWcRy0LFjYOFJJlKy5Y0Zin6gqf6hÉJ6bB6h1hSLObuLlWR6jBu2s9vsQmupÉgvYÉOS8BdÁKqM=","Name":"CLK - Voter Information Pamphlet for General 11/7/2000","DisplayType":"Image","DisplayColumnValues":[{"Value":"11/7/2000","RawValue":"973555200000"},{"Value":"General","RawValue":null},{"Value":"2000","RawValue":"2000"},{"Value":"CLK - Voter Information Pamphlet","RawValue":null}]},{"ID":"AQÁÁRZ1aurG33xVe3sjZlxEtI17hÉ7prBi1gwscIYd6NAQ7z4tewsUzz0iyKIzÁqYGdyBBsCYJSyLZHhrHBhJrc=","Name":"CLK - Election Results - Date: 11/5/2002 - Type: General","DisplayType":"Image","DisplayColumnValues":[{"Value":"11/5/2002","RawValue":"1036454400000"},{"Value":"General","RawValue":null},{"Value":"2002","RawValue":"2002"},{"Value":"CLK - Election Results","RawValue":null}]},{"ID":"AVacK3ÁwuPZÉLWmemOo8Kcf83Ei2xo8l2urvtzcDGMkiHSpWvs0oAUiaeagxh8WRknkvjnu2ZRiÁx5miZIIaisQ=","Name":"CLK - Voter Information Pamphlet for General 11/5/2002","DisplayType":"Image","DisplayColumnValues":[{"Value":"11/5/2002","RawValue":"1036454400000"},{"Value":"General","RawValue":null},{"Value":"2002","RawValue":"2002"},{"Value":"CLK - Voter Information Pamphlet","RawValue":null}]},{"ID":"AahcÁfxpENW2WRXFCUp68U9ÉYKAjpCeGXsN7r9EgK78uvg0NxXFlpAomVkoTwFuf0pxgSpQsXI1e0txi4SdA1E4=","Name":"CLK - Election Results - Date: 12/3/2002 - Type: Run-Off","DisplayType":"Image","DisplayColumnValues":[{"Value":"12/3/2002","RawValue":"1038873600000"},{"Value":"Run-Off","RawValue":null},{"Value":"2002","RawValue":"2002"},{"Value":"CLK - Election Results","RawValue":null}]},{"ID":"AW30Ck8RGh8haE4PzXtiB6C90YWec5RRKdGVBlPwf1OGWEZMPUr427oÁm3sapYOJtYXxkWRk2UbX6pHASÁqAoSg=","Name":"CLK - Election Results - Date: 3/2/2004 - Type: Special","DisplayType":"Image","DisplayColumnValues":[{"Value":"3/2/2004","RawValue":"1078185600000"},{"Value":"Special","RawValue":null},{"Value":"2004","RawValue":"2004"},{"Value":"CLK - Election Results","RawValue":null}]},{"ID":"AVBDpjlAaJ15rfÉBKHÉcÁRTQIySWusOTKZBKVWfLZmYvvBopvdPjx5ise5ez2P8P989ÁU7BZ4QUDg4PwYhgfDfE=","Name":"CLK - Voter Information Pamphlet for Special 3/2/2004","DisplayType":"Image","DisplayColumnValues":[{"Value":"3/2/2004","RawValue":"1078185600000"},{"Value":"Special","RawValue":null},{"Value":"2004","RawValue":"2004"},{"Value":"CLK - Voter Information Pamphlet","RawValue":null}]},{"ID":"AcuUE9VJlCYCHL54RpSÉ7c2KRIMrYnZcoAweF31i2VGaXlFrfm9AWXbR2JBlDfZZdmÉr8dxLRP9OyvCIAZCvtD4=","Name":"CLK - Election Results - Date: 11/2/2004 - Type: General","DisplayType":"Image","DisplayColumnValues":[{"Value":"11/2/2004","RawValue":"1099353600000"},{"Value":"General","RawValue":null},{"Value":"2004","RawValue":"2004"},{"Value":"CLK - Election Results","RawValue":null}]},{"ID":"AVHfjVWjiQcfx2Kk0nHOpoCDm821k2XRZdTeoboratGSMzewWUÁ2ÉÁONhwQhpcxGnnCOmPbY8pSO4jRbXBjD2jc=","Name":"CLK - Voter Information Pamphlet for General 11/2/2004","DisplayType":"Image","DisplayColumnValues":[{"Value":"11/2/2004","RawValue":"1099353600000"},{"Value":"General","RawValue":null},{"Value":"2004","RawValue":"2004"},{"Value":"CLK - Voter Information Pamphlet","RawValue":null}]},{"ID":"ARdR3aXKR500lÁLvCrqS1LbSg1XIbjwUUÉvirs3buwGvK5JmLAuexJ3N2M09KAXTH2uMÉpb7Vcb710ÁBXfbWFDc=","Name":"CLK - Election Results - Date: 11/7/2006 - Type: General","DisplayType":"Image","DisplayColumnValues":[{"Value":"11/7/2006","RawValue":"1162857600000"},{"Value":"General","RawValue":null},{"Value":"2006","RawValue":"2006"},{"Value":"CLK - Election Results","RawValue":null}]},{"ID":"ARNnsG2ym9Niylx8ePT3ry4UGfCB1ZUko7KvtmVUawab1u71xM3uDcTbPJUkpKv5QQji3EdoDNPaqifyDCÁMAc0=","Name":"CLK - Voter Information Pamphlet for General 11/7/2006","DisplayType":"Image","DisplayColumnValues":[{"Value":"11/7/2006","RawValue":"1162857600000"},{"Value":"General","RawValue":null},{"Value":"2006","RawValue":"2006"},{"Value":"CLK - Voter Information Pamphlet","RawValue":null}]},{"ID":"AcgftS2SwJNh45uÁ6iiROnuYklOrbon546GdlwcmLbl1PhMlzNMTRvWk8vZzqdbjA1XJ8xUA96RIxNG2Cs4BBTc=","Name":"CLK - Election Results - Date: 11/4/2008 - Type: General","DisplayType":"Image","DisplayColumnValues":[{"Value":"11/4/2008","RawValue":"1225756800000"},{"Value":"General","RawValue":null},{"Value":"2008","RawValue":"2008"},{"Value":"CLK - Election Results","RawValue":null}]},{"ID":"AWq9I6hSQ6YKAgDÉATXI0LMWJaK2diNZ2WH183x0EsPrOhI67ZH8GivWX07aV9LoSjlQP8keFidd7rnSdP6MI64=","Name":"CLK - Voter Information Pamphlet for General 11/4/2008","DisplayType":"Image","DisplayColumnValues":[{"Value":"11/4/2008","RawValue":"1225756800000"},{"Value":"General","RawValue":null},{"Value":"2008","RawValue":"2008"},{"Value":"CLK - Voter Information Pamphlet","RawValue":null}]},{"ID":"AQl2SQxvajRWobVPPe7HYc3sLApKBODALavwxGoqgk4LTÉjpqXLMHWxbPw6PwsjWv4ecoMÉZulp1GSrJEr3Tk3M=","Name":"CLK - Election Results - Date: 6/8/2010 - Type: Special","DisplayType":"Image","DisplayColumnValues":[{"Value":"6/8/2010","RawValue":"1275955200000"},{"Value":"Special","RawValue":null},{"Value":"2010","RawValue":"2010"},{"Value":"CLK - Election Results","RawValue":null}]},{"ID":"ARcVVkkgFp8CDCar8kwPyoN54lpL8YZLufn2oyJÉj4vmasztTXHpErMS4DvdQtfVFpIMy17myctM8GuLNGCgeUQ=","Name":"CLK - Voter Information Pamphlet for Special 6/8/2010","DisplayType":"Image","DisplayColumnValues":[{"Value":"6/8/2010","RawValue":"1275955200000"},{"Value":"Special","RawValue":null},{"Value":"2010","RawValue":"2010"},{"Value":"CLK - Voter Information Pamphlet","RawValue":null}]},{"ID":"AZFdI2uT6wFImS93RH5nJAVjJlQkvj0aeguP71PPe6kLzlma29Á0ngZdjnDYcb0yDePGSQSjM3SDuHNnEY7pbwg=","Name":"CLK - Election Results - Date: 11/2/2010 - Type: General","DisplayType":"Image","DisplayColumnValues":[{"Value":"11/2/2010","RawValue":"1288656000000"},{"Value":"General","RawValue":null},{"Value":"2010","RawValue":"2010"},{"Value":"CLK - Election Results","RawValue":null}]},{"ID":"AYwgXjcw7gTLqMUXuicoFÉKlwhKYp3KEB4yW4uHIkCHÁ2l4mlIxqÁ715yvIpgnO8TALÉShvtV6auiM6cpoÁil0Q=","Name":"CLK - Voter Information Pamphlet for General 11/2/2010","DisplayType":"Image","DisplayColumnValues":[{"Value":"11/2/2010","RawValue":"1288656000000"},{"Value":"General","RawValue":null},{"Value":"2010","RawValue":"2010"},{"Value":"CLK - Voter Information Pamphlet","RawValue":null}]},{"ID":"AX9ZrnLuKT7tV7K0vRTmYVI4kuQMoKWWnjmCsF4Jqpj78LBdPly8aNAt9h934F5pZW9r4VgnykLx6NQ32TgnMkM=","Name":"CLK - Election Results - Date: 11/6/2012 - Type: General","DisplayType":"Image","DisplayColumnValues":[{"Value":"11/6/2012","RawValue":"1352160000000"},{"Value":"General","RawValue":null},{"Value":"2012","RawValue":"2012"},{"Value":"CLK - Election Results","RawValue":null}]},{"ID":"AXgvo0ÉVgWÉObF0omnKAqysLwko1PjrI34psbreBSi1zHWZrijbsQNZ421qpQ6Á6ÉISHdCohWQFM2pD7UppLl2Q=","Name":"CLK - Voter Information Pamphlet for General 11/6/2012","DisplayType":"Image","DisplayColumnValues":[{"Value":"11/6/2012","RawValue":"1352160000000"},{"Value":"General","RawValue":null},{"Value":"2012","RawValue":"2012"},{"Value":"CLK - Voter Information Pamphlet","RawValue":null}]},{"ID":"AQ3H8Z594B2zkufpCISURC4dyKcW7BtAsVÁTMfKZ0wI8RHÉU2ISuÉ0sGxIaaSguUIGvSwMLRBSOÉUNlÉZAE7NCc=","Name":"CLK - Election Results - Date: 11/4/2014 - Type: General","DisplayType":"Image","DisplayColumnValues":[{"Value":"11/4/2014","RawValue":"1415059200000"},{"Value":"General","RawValue":null},{"Value":"2014","RawValue":"2014"},{"Value":"CLK - Election Results","RawValue":null}]},{"ID":"AXziKslL76QA8ko4WI0f02IÁ0bYÁke2bsZGfgJmIKvyVvÁd3pepTolYFVÁGqjWFlÁ3lnxVofzVp0vqnbÉaaQQjw=","Name":"CLK - Voter Information Pamphlet for General 11/4/2014","DisplayType":"Image","DisplayColumnValues":[{"Value":"11/4/2014","RawValue":"1415059200000"},{"Value":"General","RawValue":null},{"Value":"2014","RawValue":"2014"},{"Value":"CLK - Voter Information Pamphlet","RawValue":null}]},{"ID":"AQDkhcUyfq9rRS1u1vo6xm1TqGpXBAy44QCdHNtwbMsxW15iVeSatcaLn5yjIÁpMQ425WCGTNcHjAÉAlAkIZ3ko=","Name":"CLK - Election Results - Date: 11/8/2016 - Type: General","DisplayType":"Image","DisplayColumnValues":[{"Value":"11/8/2016","RawValue":"1478563200000"},{"Value":"General","RawValue":null},{"Value":"","RawValue":null},{"Value":"CLK - Election Results","RawValue":null}]},{"ID":"AS30nTUbYCiÉPT8uMwzCmfTz3464oqA4G87GXpuw2x08pjsdfAD8HfcHlbDQTXÉQknpItf1Xbo0AjUtyZL10S40=","Name":"CLK - Voter Information Pamphlet for General 11/8/2016","DisplayType":"Image","DisplayColumnValues":[{"Value":"11/8/2016","RawValue":"1478563200000"},{"Value":"General","RawValue":null},{"Value":"","RawValue":null},{"Value":"CLK - Voter Information Pamphlet","RawValue":null}]},{"ID":"AUqdM8Y1FeAANQnzQlwkyF3yuKvRmgx5qEGdUAdolvuHufBZ0YLy0vVQBBnyiglpRd1D8En49nnjMvqutU4lrDw=","Name":"CLK - Election Results - Date: 11/8/2016 - Type: General","DisplayType":"OleActivePage","DisplayColumnValues":[{"Value":"11/8/2016","RawValue":"1478563200000"},{"Value":"General","RawValue":null},{"Value":"2016","RawValue":"2016"},{"Value":"CLK - Election Results","RawValue":null}]},{"ID":"AShzo1pCdmKAÁ6EEDwQq6cadYjGNzÉmrs8Ae6EemWÉT4WIZBNL4DgBTUlM6GX5TJg5Uw4iW04Áb6kt5nRfQUhk8=","Name":"CLK - Voter Information Pamphlet for General 11/8/2016","DisplayType":"OleActivePage","DisplayColumnValues":[{"Value":"11/8/2016","RawValue":"1478563200000"},{"Value":"General","RawValue":null},{"Value":"2016","RawValue":"2016"},{"Value":"CLK - Voter Information Pamphlet","RawValue":null}]},{"ID":"AfykYgBpadcVD1b1FÉuXkKKQz2L4Gf7wtZYjlLf5uHDCWÉAKsjqBrVB1FVggONh7tWolTRMdmtIOXdo7SsMJ9Go=","Name":"CLK - Election Results - Date: 11/6/2018 - Type: General","DisplayType":"OleActivePage","DisplayColumnValues":[{"Value":"11/6/2018","RawValue":"1541462400000"},{"Value":"General","RawValue":null},{"Value":"2018","RawValue":"2018"},{"Value":"CLK - Election Results","RawValue":null}]},{"ID":"AfuNz3dQBPaOKH5yCY6SrSyCiDhpdÁrCpyxZ0IJ6vQGMA3JSI8qUAjLf7xiT5xJhbUeerg7SvhxeFuN8ewC8RLA=","Name":"CLK - Voter Information Pamphlet for General 11/6/2018","DisplayType":"OleActivePage","DisplayColumnValues":[{"Value":"11/6/2018","RawValue":"1541462400000"},{"Value":"General","RawValue":null},{"Value":"2018","RawValue":"2018"},{"Value":"CLK - Voter Information Pamphlet","RawValue":null}]},{"ID":"AVzorXz5rÁYMbECasWVDlxÁ75t0yuWiTrFM1Q9neVHy0WbbdbSHJgJdeÉJf9RpojcVn1UuePZFFqaBbUx5vIBGU=","Name":"CLK - Election Results - Date: 11/3/2020 - Type: General","DisplayType":"OleActivePage","DisplayColumnValues":[{"Value":"11/3/2020","RawValue":"1604361600000"},{"Value":"General","RawValue":null},{"Value":"2020","RawValue":"2020"},{"Value":"CLK - Election Results","RawValue":null}]},{"ID":"AQQkZOEIntwslsUMjgRLPJF6jPIxÁm4z1uoNWPhqZUuX7m0lxoHqzFtKINcBcP46EpLPCJ0aP8gzTcK3KHÉPA7M=","Name":"CLK - Voter Information Pamphlet for General 11/3/2020","DisplayType":"OleActivePage","DisplayColumnValues":[{"Value":"11/3/2020","RawValue":"1604361600000"},{"Value":"General","RawValue":null},{"Value":"2020","RawValue":"2020"},{"Value":"CLK - Voter Information Pamphlet","RawValue":null}]},{"ID":"AQp3MOxhRFwkEZSYg3K9K7UkSX3ZMNHjÁxKDVmpT0rcMOoSvRl45aRYnZOCUdNzIK0ODK1oKiIaVrscr9n4oUbI=","Name":"CLK - Election Results - Date: 11/8/2022 - Type: General","DisplayType":"OleActivePage","DisplayColumnValues":[{"Value":"11/8/2022","RawValue":"1667865600000"},{"Value":"General","RawValue":null},{"Value":"2022","RawValue":"2022"},{"Value":"CLK - Election Results","RawValue":null}]},{"ID":"AaUvEy7Rkhc3nÁznuflmYD8BgYgÉqdPFoHmKKyAVZZcPmNag4aTwmMÉUlEM9Pceb8vI4R15m9L7qusyuhwwRfdE=","Name":"CLK - Voter Information Pamphlet for General 11/8/2022","DisplayType":"OleActivePage","DisplayColumnValues":[{"Value":"11/8/2022","RawValue":"1667865600000"},{"Value":"General","RawValue":null},{"Value":"2022","RawValue":"2022"},{"Value":"CLK - Voter Information Pamphlet","RawValue":null}]},{"ID":"ARfQ8q0BLxÁ0DO09Mq3YkzaX4oZQE0iIFUcA9SQ7Jl1hHAnfEhIdLMBM9vyÁVfVexUTP8yeWZpWDvhkpDjwmDfE=","Name":"CLK - Election Results - Date: 4/16/2024 - Type: Special","DisplayType":"OleActivePage","DisplayColumnValues":[{"Value":"4/16/2024","RawValue":"1713225600000"},{"Value":"Special","RawValue":null},{"Value":"2024","RawValue":"2024"},{"Value":"CLK - Election Results","RawValue":null}]},{"ID":"Af5doNMT3KH80nVA2r9B3xUSKkoBGiBNNhQuLhYq8hn2rstwoXghC9YX2kTnAMThlpjRpAUKLzlU9NZÁ26u9n1Q=","Name":"CLK - Voter Information Pamphlet for Special 4/16/2024","DisplayType":"OleActivePage","DisplayColumnValues":[{"Value":"4/16/2024","RawValue":"1713225600000"},{"Value":"Special","RawValue":null},{"Value":"2024","RawValue":"2024"},{"Value":"CLK - Voter Information Pamphlet","RawValue":null}]},{"ID":"AQaOdÉ6L4t2er972nXi6FqPzR3utSÁBjxgxGnKKmmOÉYcWgLzQU0a7oUiecbvctUMFDxVkhdyOJ3qFIk4VUldEA=","Name":"CLK - Election Results - Date: 5/28/2024 - Type: Special","DisplayType":"OleActivePage","DisplayColumnValues":[{"Value":"5/28/2024","RawValue":"1716854400000"},{"Value":"Special","RawValue":null},{"Value":"2024","RawValue":"2024"},{"Value":"CLK - Election Results","RawValue":null}]},{"ID":"ASnWYOtyD8PMEmjdoPJVU99laAKgMM7VBuN4CyI0FBÁD5p564xedD5CRq257ISNJo4bC0a3Evyp47IouxlNdÉ8c=","Name":"CLK - Voter Information Pamphlet for Special 5/28/2024","DisplayType":"OleActivePage","DisplayColumnValues":[{"Value":"5/28/2024","RawValue":"1716854400000"},{"Value":"Special","RawValue":null},{"Value":"2024","RawValue":"2024"},{"Value":"CLK - Voter Information Pamphlet","RawValue":null}]},{"ID":"AVaoC1YwLsWlYp9kmgK9av549WyIAya18BmGIÁYdQC7noeMjuPMWÉ5cuCgeIP7Sie20HsADGTPAAceYuqEmU57M=","Name":"CLK - Election Results - Date: 11/5/2024 - Type: General","DisplayType":"OleActivePage","DisplayColumnValues":[{"Value":"11/5/2024","RawValue":"1730764800000"},{"Value":"General","RawValue":null},{"Value":"2024","RawValue":"2024"},{"Value":"CLK - Election Results","RawValue":null}]},{"ID":"AW8MDDB9dcQ0SDssgTHPmKqqhÉm70VLneÁ8oLaarFvktUShyERb5W65FGQTUxovuGjmuTjoODy471UsNoGmYp14=","Name":"CLK - Election Results - Date: 11/5/2024 - Type: General","DisplayType":"Image","DisplayColumnValues":[{"Value":"11/5/2024","RawValue":"1730764800000"},{"Value":"General","RawValue":null},{"Value":"2024","RawValue":"2024"},{"Value":"CLK - Election Results","RawValue":null}]},{"ID":"AcwV9q6cmrIgQGKlDQsKY7pR3dAfKdhgbtovGcqe1QCUyihZ4ÁeIsxy9E3u4É1DsvyzQYI58pKh7a7yuou1TXaU=","Name":"CLK - Voter Information Pamphlet for General 11/5/2024","DisplayType":"Image","DisplayColumnValues":[{"Value":"11/5/2024","RawValue":"1730764800000"},{"Value":"General","RawValue":null},{"Value":"2024","RawValue":"2024"},{"Value":"CLK - Voter Information Pamphlet","RawValue":null}]}],"Truncated":false,"DisplayColumns":[{"Heading":"Election Date","DataType":"Date"},{"Heading":"Election Type","DataType":"AlphaNumericSingleTableCSInsensitiveSearch"},{"Heading":"Election Year","DataType":"SmallNumeric"},{"Heading":"Document Type","DataType":"AlphaNumeric"}]}